x-axis,1
second,Volt
-2.12500006247,-0.246859
-2.12250006247,-0.0458541
-2.12000006247,-0.246859
-2.11750006247,-0.246859
-2.11500006247,2.76822
-2.11250006247,3.17023
-2.11000006247,3.17023
-2.10750006247,-0.246859
-2.10500006247,2.96922
-2.10250006247,-0.246859
-2.10000006247,2.96922
-2.09750006247,2.96922
-2.09500006247,-0.0458541
-2.09250006247,-0.246859
-2.09000006247,-0.246859
-2.08750006247,-0.246859
-2.08500006247,2.76822
-2.08250006247,-0.0458541
-2.08000006247,2.96922
-2.07750006247,2.76822
-2.07500006247,-0.447864
-2.07250006247,-0.246859
-2.07000006247,-0.0458541
-2.06750006247,3.17023
-2.06500006247,-0.64887
-2.06250006247,-0.246859
-2.06000006247,2.76822
-2.05750006247,-0.246859
-2.05500006247,-0.0458541
-2.05250006247,3.17023
-2.05000006247,-0.246859
-2.04750006247,2.96922
-2.04500006247,-0.246859
-2.04250006247,3.17023
-2.04000006247,-0.246859
-2.03750006247,2.96922
-2.03500006247,-0.246859
-2.03250006247,-0.447864
-2.03000006247,-0.447864
-2.02750006247,3.17023
-2.02500006247,-0.447864
-2.02250006247,-0.246859
-2.02000006247,-0.64887
-2.01750006247,2.96922
-2.01500006247,2.96922
-2.01250006247,-0.246859
-2.01000006247,3.17023
-2.00750006247,3.17023
-2.00500006247,-0.447864
-2.00250006247,2.96922
-2.00000006247,2.96922
-1.99750006247,-0.447864
-1.99500006247,2.96922
-1.99250006247,3.37123
-1.99000006247,-0.246859
-1.98750006247,-0.0458541
-1.98500006247,-0.64887
-1.98250006247,3.57224
-1.98000006247,3.17023
-1.97750006247,2.96922
-1.97500006247,3.57224
-1.97250006247,-0.246859
-1.97000006247,-0.447864
-1.96750006247,-0.447864
-1.96500006247,-0.447864
-1.96250006247,3.37123
-1.96000006247,-0.0458541
-1.95750006247,-0.447864
-1.95500006247,2.96922
-1.95250006247,-0.64887
-1.95000006247,3.17023
-1.94750006247,-0.447864
-1.94500006247,-0.246859
-1.94250006247,3.17023
-1.94000006247,-0.246859
-1.93750006247,-0.246859
-1.93500006247,-0.246859
-1.93250006247,2.76822
-1.93000006247,-0.246859
-1.92750006247,-0.0458541
-1.92500006247,-0.246859
-1.92250006247,2.96922
-1.92000006247,-0.447864
-1.91750006247,3.17023
-1.91500006247,-0.246859
-1.91250006247,3.17023
-1.91000006247,3.17023
-1.90750006247,-0.246859
-1.90500006247,-0.246859
-1.90250006247,-0.246859
-1.90000006247,-0.246859
-1.89750006247,-0.246859
-1.89500006247,2.96922
-1.89250006247,-0.246859
-1.89000006247,3.17023
-1.88750006247,3.17023
-1.88500006247,3.17023
-1.88250006247,2.96922
-1.88000006247,-0.246859
-1.87750006247,-0.246859
-1.87500006247,-0.246859
-1.87250006247,-0.246859
-1.87000006247,2.96922
-1.86750006247,3.37123
-1.86500006247,-0.447864
-1.86250006247,3.17023
-1.86000006247,-0.246859
-1.85750006247,0.155151
-1.85500006247,-0.246859
-1.85250006247,2.96922
-1.85000006247,-0.0458541
-1.84750006247,3.17023
-1.84500006247,3.17023
-1.84250006247,-0.0458541
-1.84000006247,3.17023
-1.83750006247,-0.246859
-1.83500006247,-0.0458541
-1.83250006247,2.96922
-1.83000006247,-0.0458541
-1.82750006247,2.96922
-1.82500006247,-0.447864
-1.82250006247,-0.447864
-1.82000006247,-0.246859
-1.81750006247,2.96922
-1.81500006247,3.17023
-1.81250006247,-0.447864
-1.81000006247,2.96922
-1.80750006247,-0.447864
-1.80500006247,3.17023
-1.80250006247,2.96922
-1.80000006247,-0.447864
-1.79750006247,3.17023
-1.79500006247,3.37123
-1.79250006247,-0.0458541
-1.79000006247,-0.447864
-1.78750006247,-0.447864
-1.78500006247,3.37123
-1.78250006247,-0.0458541
-1.78000006247,2.96922
-1.77750006247,3.17023
-1.77500006247,-0.246859
-1.77250006247,2.96922
-1.77000006247,-0.0458541
-1.76750006247,2.96922
-1.76500006247,-0.447864
-1.76250006247,-0.0458541
-1.76000006247,-0.246859
-1.75750006247,-0.447864
-1.75500006247,-0.447864
-1.75250006247,-0.447864
-1.75000006247,-0.447864
-1.74750006247,3.17023
-1.74500006247,2.96922
-1.74250006247,3.17023
-1.74000006247,-0.246859
-1.73750006247,-0.447864
-1.73500006247,-0.246859
-1.73250006247,3.17023
-1.73000006247,-0.447864
-1.72750006247,3.17023
-1.72500006247,3.17023
-1.72250006247,-0.246859
-1.72000006247,3.17023
-1.71750006247,-0.246859
-1.71500006247,-0.246859
-1.71250006247,2.96922
-1.71000006247,-0.246859
-1.70750006247,-0.447864
-1.70500006247,-0.246859
-1.70250006247,-0.246859
-1.70000006247,-0.246859
-1.69750006247,2.96922
-1.69500006247,-0.64887
-1.69250006247,2.76822
-1.69000006247,-0.246859
-1.68750006247,-0.246859
-1.68500006247,-0.246859
-1.68250006247,-0.447864
-1.68000006247,3.37123
-1.67750006247,-0.246859
-1.67500006247,2.96922
-1.67250006247,3.17023
-1.67000006247,2.96922
-1.66750006247,-0.246859
-1.66500006247,2.96922
-1.66250006247,-0.447864
-1.66000006247,3.17023
-1.65750006247,2.96922
-1.65500006247,-0.447864
-1.65250006247,-0.0458541
-1.65000006247,-0.0458541
-1.64750006247,-0.246859
-1.64500006247,-0.0458541
-1.64250006247,-0.246859
-1.64000006247,-0.64887
-1.63750006247,-0.447864
-1.63500006247,-0.447864
-1.63250006247,2.96922
-1.63000006247,3.17023
-1.62750006247,-0.64887
-1.62500006247,-0.447864
-1.62250006247,2.96922
-1.62000006247,3.17023
-1.61750006247,2.96922
-1.61500006247,3.37123
-1.61250006247,2.76822
-1.61000006247,3.17023
-1.60750006247,-0.246859
-1.60500006247,-0.0458541
-1.60250006247,2.76822
-1.60000006247,2.96922
-1.59750006247,2.96922
-1.59500006247,2.96922
-1.59250006247,3.17023
-1.59000006247,-0.246859
-1.58750006247,2.96922
-1.58500006247,-0.0458541
-1.58250006247,-0.246859
-1.58000006247,2.96922
-1.57750006247,3.17023
-1.57500006247,-0.447864
-1.57250006247,-0.246859
-1.57000006247,2.96922
-1.56750006247,-0.447864
-1.56500006247,2.96922
-1.56250006247,2.96922
-1.56000006247,-0.447864
-1.55750006247,3.17023
-1.55500006247,3.17023
-1.55250006247,-0.0458541
-1.55000006247,2.96922
-1.54750006247,-0.0458541
-1.54500006247,3.17023
-1.54250006247,2.96922
-1.54000006247,2.76822
-1.53750006247,-0.246859
-1.53500006247,3.17023
-1.53250006247,2.96922
-1.53000006247,3.17023
-1.52750006247,-0.447864
-1.52500006247,-0.246859
-1.52250006247,-0.246859
-1.52000006247,3.17023
-1.51750006247,-0.447864
-1.51500006247,3.17023
-1.51250006247,-0.0458541
-1.51000006247,-0.447864
-1.50750006247,-0.246859
-1.50500006247,2.96922
-1.50250006247,-0.246859
-1.50000006247,2.76822
-1.49750006247,-0.0458541
-1.49500006247,2.96922
-1.49250006247,-0.246859
-1.49000006247,-0.246859
-1.48750006247,-0.246859
-1.48500006247,-0.447864
-1.48250006247,3.17023
-1.48000006247,2.96922
-1.47750006247,2.76822
-1.47500006247,2.96922
-1.47250006247,3.17023
-1.47000006247,3.17023
-1.46750006247,2.96922
-1.46500006247,2.96922
-1.46250006247,-0.0458541
-1.46000006247,2.96922
-1.45750006247,-0.246859
-1.45500006247,3.17023
-1.45250006247,3.17023
-1.45000006247,2.96922
-1.44750006247,2.96922
-1.44500006247,2.96922
-1.44250006247,-0.246859
-1.44000006247,-0.447864
-1.43750006247,2.96922
-1.43500006247,-0.246859
-1.43250006247,-0.0458541
-1.43000006247,2.96922
-1.42750006247,-0.0458541
-1.42500006247,3.17023
-1.42250006247,3.17023
-1.42000006247,-0.246859
-1.41750006247,3.17023
-1.41500006247,-0.0458541
-1.41250006247,2.96922
-1.41000006247,3.17023
-1.40750006247,-0.0458541
-1.40500006247,-0.246859
-1.40250006247,2.76822
-1.40000006247,3.17023
-1.39750006247,-0.246859
-1.39500006247,2.76822
-1.39250006247,2.96922
-1.39000006247,-0.246859
-1.38750006247,-0.246859
-1.38500006247,2.96922
-1.38250006247,2.96922
-1.38000006247,-0.246859
-1.37750006247,-0.447864
-1.37500006247,-0.0458541
-1.37250006247,2.96922
-1.37000006247,0.155151
-1.36750006247,2.96922
-1.36500006247,-0.447864
-1.36250006247,-0.447864
-1.36000006247,-0.246859
-1.35750006247,-0.0458541
-1.35500006247,2.96922
-1.35250006247,3.17023
-1.35000006247,3.17023
-1.34750006247,3.17023
-1.34500006247,2.76822
-1.34250006247,-0.246859
-1.34000006247,-0.246859
-1.33750006247,-0.0458541
-1.33500006247,-0.64887
-1.33250006247,2.76822
-1.33000006247,2.96922
-1.32750006247,2.96922
-1.32500006247,-0.0458541
-1.32250006247,2.96922
-1.32000006247,-0.246859
-1.31750006247,2.76822
-1.31500006247,2.96922
-1.31250006247,-0.246859
-1.31000006247,3.17023
-1.30750006247,-0.246859
-1.30500006247,2.96922
-1.30250006247,-0.447864
-1.30000006247,2.56721
-1.29750006247,-0.0458541
-1.29500006247,3.17023
-1.29250006247,-0.246859
-1.29000006247,2.76822
-1.28750006247,3.37123
-1.28500006247,3.17023
-1.28250006247,3.37123
-1.28000006247,-0.246859
-1.27750006247,3.17023
-1.27500006247,-0.0458541
-1.27250006247,-0.246859
-1.27000006247,3.17023
-1.26750006247,-0.447864
-1.26500006247,-0.447864
-1.26250006247,2.96922
-1.26000006247,-0.447864
-1.25750006247,2.96922
-1.25500006247,-0.246859
-1.25250006247,-0.246859
-1.25000006247,2.96922
-1.24750006247,3.17023
-1.24500006247,-0.246859
-1.24250006247,3.17023
-1.24000006247,2.96922
-1.23750006247,3.17023
-1.23500006247,-0.246859
-1.23250006247,-0.447864
-1.23000006247,2.96922
-1.22750006247,-0.0458541
-1.22500006247,-0.447864
-1.22250006247,3.17023
-1.22000006247,-0.0458541
-1.21750006247,-0.0458541
-1.21500006247,-0.246859
-1.21250006247,-0.0458541
-1.21000006247,2.96922
-1.20750006247,-0.246859
-1.20500006247,-0.246859
-1.20250006247,-0.0458541
-1.20000006247,2.96922
-1.19750006247,-0.447864
-1.19500006247,-0.0458541
-1.19250006247,3.17023
-1.19000006247,-0.64887
-1.18750006247,-0.246859
-1.18500006247,-0.246859
-1.18250006247,-0.447864
-1.18000006247,-0.0458541
-1.17750006247,-0.246859
-1.17500006247,2.96922
-1.17250006247,-0.246859
-1.17000006247,3.37123
-1.16750006247,-0.447864
-1.16500006247,2.96922
-1.16250006247,3.17023
-1.16000006247,3.17023
-1.15750006247,-0.447864
-1.15500006247,2.96922
-1.15250006247,-0.246859
-1.15000006247,3.17023
-1.14750006247,-0.447864
-1.14500006247,-0.246859
-1.14250006247,-0.0458541
-1.14000006247,-0.447864
-1.13750006247,-0.447864
-1.13500006247,-0.447864
-1.13250006247,-0.246859
-1.13000006247,-0.246859
-1.12750006247,2.96922
-1.12500006247,-0.447864
-1.12250006247,2.96922
-1.12000006247,-0.0458541
-1.11750006247,-0.246859
-1.11500006247,-0.0458541
-1.11250006247,-0.447864
-1.11000006247,-0.246859
-1.10750006247,2.76822
-1.10500006247,-0.0458541
-1.10250006247,3.17023
-1.10000006247,-0.246859
-1.09750006247,3.17023
-1.09500006247,2.76822
-1.09250006247,-0.246859
-1.09000006247,-0.246859
-1.08750006247,-0.0458541
-1.08500006247,-0.447864
-1.08250006247,-0.246859
-1.08000006247,2.96922
-1.07750006247,2.96922
-1.07500006247,3.17023
-1.07250006247,3.37123
-1.07000006247,3.17023
-1.06750006247,3.37123
-1.06500006247,-0.246859
-1.06250006247,-0.0458541
-1.06000006247,2.76822
-1.05750006247,2.96922
-1.05500006247,2.76822
-1.05250006247,2.96922
-1.05000006247,2.96922
-1.04750006247,2.96922
-1.04500006247,2.96922
-1.04250006247,-0.246859
-1.04000006247,2.96922
-1.03750006247,-0.0458541
-1.03500006247,-0.0458541
-1.03250006247,2.96922
-1.03000006247,3.17023
-1.02750006247,2.96922
-1.02500006247,-0.64887
-1.02250006247,-0.447864
-1.02000006247,-0.246859
-1.01750006247,2.96922
-1.01500006247,-0.447864
-1.01250006247,-0.246859
-1.01000006247,3.17023
-1.00750006247,-0.246859
-1.00500006247,2.96922
-1.00250006247,2.96922
-1.00000006247,-0.246859
-0.997500062471,2.96922
-0.995000062471,-0.0458541
-0.992500062471,-0.0458541
-0.990000062471,2.96922
-0.987500062471,-0.0458541
-0.985000062471,-0.246859
-0.982500062471,2.96922
-0.980000062471,-0.246859
-0.977500062471,2.96922
-0.975000062471,3.37123
-0.972500062471,-0.447864
-0.970000062471,2.76822
-0.967500062471,-0.447864
-0.965000062471,-0.447864
-0.962500062471,-0.246859
-0.960000062471,2.96922
-0.957500062471,3.17023
-0.955000062471,2.96922
-0.952500062471,-0.246859
-0.950000062471,2.96922
-0.947500062471,-0.246859
-0.945000062471,2.76822
-0.942500062471,-0.246859
-0.940000062471,3.17023
-0.937500062471,3.17023
-0.935000062471,2.96922
-0.932500062471,2.96922
-0.930000062471,3.17023
-0.927500062471,2.96922
-0.925000062471,2.96922
-0.922500062471,-0.246859
-0.920000062471,-0.0458541
-0.917500062471,3.17023
-0.915000062471,2.96922
-0.912500062471,-0.447864
-0.910000062471,3.17023
-0.907500062471,2.96922
-0.905000062471,-0.447864
-0.902500062471,3.17023
-0.900000062471,-0.246859
-0.897500062471,3.17023
-0.895000062471,-0.447864
-0.892500062471,-0.246859
-0.890000062471,-0.447864
-0.887500062471,2.76822
-0.885000062471,2.96922
-0.882500062471,2.76822
-0.880000062471,-0.0458541
-0.877500062471,2.96922
-0.875000062471,2.96922
-0.872500062471,-0.0458541
-0.870000062471,-0.246859
-0.867500062471,3.17023
-0.865000062471,-0.246859
-0.862500062471,3.17023
-0.860000062471,3.17023
-0.857500062471,3.17023
-0.855000062471,-0.447864
-0.852500062471,0.155151
-0.850000062471,3.17023
-0.847500062471,3.17023
-0.845000062471,-0.246859
-0.842500062471,-0.246859
-0.840000062471,3.17023
-0.837500062471,-0.447864
-0.835000062471,2.96922
-0.832500062471,2.96922
-0.830000062471,-0.246859
-0.827500062471,-0.447864
-0.825000062471,-0.0458541
-0.822500062471,-0.0458541
-0.820000062471,3.17023
-0.817500062471,-0.246859
-0.815000062471,-0.64887
-0.812500062471,2.96922
-0.810000062471,-0.246859
-0.807500062471,2.76822
-0.805000062471,-0.246859
-0.802500062471,3.17023
-0.800000062471,2.76822
-0.797500062471,3.17023
-0.795000062471,3.17023
-0.792500062471,-0.246859
-0.790000062471,-0.246859
-0.787500062471,-0.246859
-0.785000062471,3.17023
-0.782500062471,2.96922
-0.780000062471,2.76822
-0.777500062471,-0.447864
-0.775000062471,-0.0458541
-0.772500062471,-0.64887
-0.770000062471,3.17023
-0.767500062471,2.96922
-0.765000062471,-0.0458541
-0.762500062471,-0.246859
-0.760000062471,3.17023
-0.757500062471,-0.0458541
-0.755000062471,-0.447864
-0.752500062471,3.17023
-0.750000062471,-0.246859
-0.747500062471,-0.246859
-0.745000062471,-0.246859
-0.742500062471,3.17023
-0.740000062471,-0.246859
-0.737500062471,2.96922
-0.735000062471,-0.0458541
-0.732500062471,3.17023
-0.730000062471,2.96922
-0.727500062471,-0.246859
-0.725000062471,2.76822
-0.722500062471,-0.447864
-0.720000062471,-0.447864
-0.717500062471,3.17023
-0.715000062471,-0.447864
-0.712500062471,-0.246859
-0.710000062471,2.96922
-0.707500062471,-0.246859
-0.705000062471,-0.64887
-0.702500062471,-0.0458541
-0.700000062471,-0.447864
-0.697500062471,3.17023
-0.695000062471,3.17023
-0.692500062471,-0.246859
-0.690000062471,-0.447864
-0.687500062471,-0.246859
-0.685000062471,2.96922
-0.682500062471,-0.246859
-0.680000062471,2.76822
-0.677500062471,-0.447864
-0.675000062471,2.76822
-0.672500062471,-0.246859
-0.670000062471,3.17023
-0.667500062471,-0.246859
-0.665000062471,2.96922
-0.662500062471,-0.246859
-0.660000062471,3.17023
-0.657500062471,3.17023
-0.655000062471,3.17023
-0.652500062471,-0.447864
-0.650000062471,-0.246859
-0.647500062471,2.96922
-0.645000062471,-0.447864
-0.642500062471,-0.447864
-0.640000062471,2.96922
-0.637500062471,2.96922
-0.635000062471,-0.246859
-0.632500062471,-0.64887
-0.630000062471,3.17023
-0.627500062471,2.96922
-0.625000062471,-0.447864
-0.622500062471,2.96922
-0.620000062471,2.96922
-0.617500062471,3.17023
-0.615000062471,-0.246859
-0.612500062471,3.17023
-0.610000062471,3.17023
-0.607500062471,-0.246859
-0.605000062471,-0.246859
-0.602500062471,-0.246859
-0.600000062471,2.96922
-0.597500062471,3.17023
-0.595000062471,-0.246859
-0.592500062471,-0.246859
-0.590000062471,-0.246859
-0.587500062471,-0.0458541
-0.585000062471,-0.246859
-0.582500062471,-0.447864
-0.580000062471,-0.246859
-0.577500062471,3.17023
-0.575000062471,-0.0458541
-0.572500062471,-0.246859
-0.570000062471,3.17023
-0.567500062471,-0.447864
-0.565000062471,-0.246859
-0.562500062471,-0.246859
-0.560000062471,-0.447864
-0.557500062471,2.76822
-0.555000062471,-0.0458541
-0.552500062471,-0.0458541
-0.550000062471,-0.447864
-0.547500062471,-0.447864
-0.545000062471,2.96922
-0.542500062471,3.17023
-0.540000062471,-0.246859
-0.537500062471,-0.447864
-0.535000062471,-0.246859
-0.532500062471,3.17023
-0.530000062471,-0.246859
-0.527500062471,2.96922
-0.525000062471,2.96922
-0.522500062471,-0.447864
-0.520000062471,3.17023
-0.517500062471,-0.246859
-0.515000062471,2.96922
-0.512500062471,-0.447864
-0.510000062471,-0.246859
-0.507500062471,3.17023
-0.505000062471,2.96922
-0.502500062471,-0.447864
-0.500000062471,2.76822
-0.497500062471,3.17023
-0.495000062471,2.96922
-0.492500062471,3.17023
-0.490000062471,2.96922
-0.487500062471,-0.246859
-0.485000062471,2.96922
-0.482500062471,3.17023
-0.480000062471,2.96922
-0.477500062471,-0.246859
-0.475000062471,2.96922
-0.472500062471,3.17023
-0.470000062471,-0.0458541
-0.467500062471,3.17023
-0.465000062471,-0.0458541
-0.462500062471,-0.447864
-0.460000062471,-0.246859
-0.457500062471,3.17023
-0.455000062471,2.96922
-0.452500062471,-0.447864
-0.450000062471,2.76822
-0.447500062471,-0.447864
-0.445000062471,-0.0458541
-0.442500062471,-0.447864
-0.440000062471,3.17023
-0.437500062471,-0.64887
-0.435000062471,-0.246859
-0.432500062471,3.17023
-0.430000062471,2.96922
-0.427500062471,-0.0458541
-0.425000062471,2.76822
-0.422500062471,2.96922
-0.420000062471,-0.0458541
-0.417500062471,-0.246859
-0.415000062471,2.76822
-0.412500062471,2.96922
-0.410000062471,2.96922
-0.407500062471,2.96922
-0.405000062471,-0.246859
-0.402500062471,2.96922
-0.400000062471,2.96922
-0.397500062471,-0.246859
-0.395000062471,-0.0458541
-0.392500062471,3.17023
-0.390000062471,2.96922
-0.387500062471,-0.246859
-0.385000062471,-0.447864
-0.382500062471,-0.246859
-0.380000062471,3.37123
-0.377500062471,3.17023
-0.375000062471,-0.447864
-0.372500062471,3.17023
-0.370000062471,3.17023
-0.367500062471,-0.64887
-0.365000062471,2.96922
-0.362500062471,2.76822
-0.360000062471,2.96922
-0.357500062471,-0.447864
-0.355000062471,3.17023
-0.352500062471,-0.447864
-0.350000062471,2.96922
-0.347500062471,-0.246859
-0.345000062471,3.17023
-0.342500062471,-0.246859
-0.340000062471,-0.447864
-0.337500062471,3.17023
-0.335000062471,-0.0458541
-0.332500062471,2.96922
-0.330000062471,2.96922
-0.327500062471,-0.246859
-0.325000062471,-0.246859
-0.322500062471,3.17023
-0.320000062471,2.96922
-0.317500062471,-0.0458541
-0.315000062471,-0.246859
-0.312500062471,2.96922
-0.310000062471,-0.246859
-0.307500062471,-0.447864
-0.305000062471,-0.246859
-0.302500062471,2.96922
-0.300000062471,-0.246859
-0.297500062471,2.76822
-0.295000062471,-0.0458541
-0.292500062471,-0.246859
-0.290000062471,-0.246859
-0.287500062471,2.96922
-0.285000062471,-0.447864
-0.282500062471,-0.64887
-0.280000062471,3.17023
-0.277500062471,-0.246859
-0.275000062471,2.96922
-0.272500062471,3.17023
-0.270000062471,-0.246859
-0.267500062471,-0.246859
-0.265000062471,-0.246859
-0.262500062471,3.17023
-0.260000062471,2.96922
-0.257500062471,0.155151
-0.255000062471,-0.246859
-0.252500062471,3.17023
-0.250000062471,-0.0458541
-0.247500062471,2.96922
-0.245000062471,3.17023
-0.242500062471,3.17023
-0.240000062471,2.96922
-0.237500062471,2.96922
-0.235000062471,-0.246859
-0.232500062471,2.96922
-0.230000062471,3.17023
-0.227500062471,-0.246859
-0.225000062471,-0.0458541
-0.222500062471,-0.0458541
-0.220000062471,-0.246859
-0.217500062471,2.96922
-0.215000062471,-0.447864
-0.212500062471,-0.246859
-0.210000062471,2.96922
-0.207500062471,-0.246859
-0.205000062471,-0.246859
-0.202500062471,2.76822
-0.200000062471,-0.0458541
-0.197500062471,-0.447864
-0.195000062471,-0.0458541
-0.192500062471,-0.246859
-0.190000062471,3.17023
-0.187500062471,-0.246859
-0.185000062471,3.17023
-0.182500062471,-0.246859
-0.180000062471,-0.246859
-0.177500062471,-0.246859
-0.175000062471,-0.246859
-0.172500062471,-0.447864
-0.170000062471,2.96922
-0.167500062471,-0.246859
-0.165000062471,-0.246859
-0.162500062471,-0.64887
-0.160000062471,-0.246859
-0.157500062471,-0.0458541
-0.155000062471,-0.0458541
-0.152500062471,-0.447864
-0.150000062471,3.17023
-0.147500062471,2.96922
-0.145000062471,-0.447864
-0.142500062471,2.96922
-0.140000062471,-0.447864
-0.137500062471,-0.246859
-0.135000062471,-0.246859
-0.132500062471,3.17023
-0.130000062471,3.17023
-0.127500062471,2.96922
-0.125000062471,2.96922
-0.122500062471,-0.246859
-0.120000062471,3.17023
-0.117500062471,3.37123
-0.115000062471,3.17023
-0.112500062471,3.17023
-0.110000062471,2.96922
-0.107500062471,2.96922
-0.105000062471,-0.447864
-0.102500062471,3.37123
-0.100000062471,2.76822
-0.0975000624709,-0.246859
-0.0950000624709,3.17023
-0.0925000624709,2.96922
-0.0900000624709,-0.246859
-0.0875000624709,3.17023
-0.0850000624709,2.96922
-0.0825000624709,-0.246859
-0.0800000624709,-0.447864
-0.0775000624709,3.17023
-0.0750000624709,-0.246859
-0.0725000624709,2.96922
-0.0700000624709,3.37123
-0.0675000624709,2.76822
-0.0650000624709,-0.447864
-0.0625000624709,2.96922
-0.0600000624709,-0.447864
-0.0575000624709,-0.246859
-0.0550000624709,3.17023
-0.0525000624709,2.96922
-0.0500000624709,2.96922
-0.0475000624709,-0.447864
-0.0450000624709,3.17023
-0.0425000624709,2.96922
-0.0400000624709,-0.0458541
-0.0375000624709,-0.447864
-0.0350000624709,-0.447864
-0.0325000624709,2.96922
-0.0300000624709,-0.246859
-0.0275000624709,-0.0458541
-0.0250000624709,2.96922
-0.0225000624709,-0.246859
-0.0200000624709,-0.246859
-0.0175000624709,2.76822
-0.0150000624709,2.96922
-0.0125000624709,2.96922
-0.0100000624709,-0.246859
-0.00750006247094,-0.447864
-0.00500006247094,2.96922
-0.00250006247094,-0.447864
-6.24709377561e-008,2.96922
0.00249993752906,-0.246859
0.00499993752906,2.96922
0.00749993752906,2.76822
0.00999993752906,-0.246859
0.0124999375291,0.155151
0.0149999375291,-0.246859
0.0174999375291,-0.0458541
0.0199999375291,2.96922
0.0224999375291,-0.0458541
0.0249999375291,-0.0458541
0.0274999375291,2.96922
0.0299999375291,2.96922
0.0324999375291,2.96922
0.0349999375291,2.76822
0.0374999375291,-0.246859
0.0399999375291,-0.0458541
0.0424999375291,3.17023
0.0449999375291,3.17023
0.0474999375291,-0.447864
0.0499999375291,2.96922
0.0524999375291,-0.0458541
0.0549999375291,2.76822
0.0574999375291,-0.246859
0.0599999375291,-0.0458541
0.0624999375291,0.155151
0.0649999375291,-0.447864
0.0674999375291,3.17023
0.0699999375291,3.17023
0.0724999375291,-0.246859
0.0749999375291,3.17023
0.0774999375291,-0.246859
0.0799999375291,-0.246859
0.0824999375291,-0.0458541
0.0849999375291,-0.447864
0.0874999375291,2.96922
0.0899999375291,-0.447864
0.0924999375291,2.76822
0.0949999375291,-0.246859
0.0974999375291,3.17023
0.0999999375291,-0.246859
0.102499937529,-0.64887
0.104999937529,2.96922
0.107499937529,2.96922
0.109999937529,3.17023
0.112499937529,3.17023
0.114999937529,3.17023
0.117499937529,-0.64887
0.119999937529,-0.447864
0.122499937529,2.96922
0.124999937529,-0.246859
0.127499937529,3.17023
0.129999937529,3.17023
0.132499937529,-0.246859
0.134999937529,3.17023
0.137499937529,-0.0458541
0.139999937529,2.76822
0.142499937529,-0.246859
0.144999937529,-0.246859
0.147499937529,3.17023
0.149999937529,3.17023
0.152499937529,-0.0458541
0.154999937529,2.96922
0.157499937529,-0.447864
0.159999937529,2.76822
0.162499937529,2.96922
0.164999937529,-0.447864
0.167499937529,2.96922
0.169999937529,-0.246859
0.172499937529,2.96922
0.174999937529,3.17023
0.177499937529,3.17023
0.179999937529,2.96922
0.182499937529,3.17023
0.184999937529,3.17023
0.187499937529,-0.447864
0.189999937529,3.17023
0.192499937529,2.96922
0.194999937529,2.96922
0.197499937529,2.96922
0.199999937529,2.76822
0.202499937529,-0.447864
0.204999937529,-0.246859
0.207499937529,-0.64887
0.209999937529,3.17023
0.212499937529,-0.0458541
0.214999937529,-0.447864
0.217499937529,-0.447864
0.219999937529,3.17023
0.222499937529,2.96922
0.224999937529,-0.447864
0.227499937529,2.96922
0.229999937529,-0.246859
0.232499937529,-0.246859
0.234999937529,2.96922
0.237499937529,2.96922
0.239999937529,-0.447864
0.242499937529,2.96922
0.244999937529,-0.246859
0.247499937529,2.96922
0.249999937529,-0.246859
0.252499937529,-0.246859
0.254999937529,-0.447864
0.257499937529,-0.246859
0.259999937529,3.37123
0.262499937529,-0.447864
0.264999937529,2.76822
0.267499937529,-0.246859
0.269999937529,3.17023
0.272499937529,-0.246859
0.274999937529,-0.246859
0.277499937529,3.17023
0.279999937529,-0.64887
0.282499937529,3.17023
0.284999937529,0.155151
0.287499937529,2.76822
0.289999937529,-0.246859
0.292499937529,3.17023
0.294999937529,2.96922
0.297499937529,-0.447864
0.299999937529,-0.447864
0.302499937529,-0.0458541
0.304999937529,-0.0458541
0.307499937529,2.96922
0.309999937529,-0.246859
0.312499937529,3.17023
0.314999937529,-0.447864
0.317499937529,-0.447864
0.319999937529,-0.246859
0.322499937529,-0.246859
0.324999937529,-0.246859
0.327499937529,-0.246859
0.329999937529,-0.246859
0.332499937529,-0.246859
0.334999937529,-0.246859
0.337499937529,3.17023
0.339999937529,2.76822
0.342499937529,2.96922
0.344999937529,3.17023
0.347499937529,3.17023
0.349999937529,-0.246859
0.352499937529,3.17023
0.354999937529,-0.447864
0.357499937529,2.76822
0.359999937529,3.17023
0.362499937529,3.37123
0.364999937529,0.155151
0.367499937529,-0.0458541
0.369999937529,2.96922
0.372499937529,-0.447864
0.374999937529,-0.246859
0.377499937529,2.96922
0.379999937529,-0.246859
0.382499937529,-0.447864
0.384999937529,2.96922
0.387499937529,3.17023
0.389999937529,3.17023
0.392499937529,-0.246859
0.394999937529,-0.246859
0.397499937529,-0.246859
0.399999937529,2.96922
0.402499937529,-0.447864
0.404999937529,2.96922
0.407499937529,-0.246859
0.409999937529,-0.0458541
0.412499937529,2.96922
0.414999937529,-0.246859
0.417499937529,-0.447864
0.419999937529,2.96922
0.422499937529,-0.447864
0.424999937529,2.96922
0.427499937529,-0.246859
0.429999937529,2.96922
0.432499937529,2.96922
0.434999937529,3.17023
0.437499937529,2.96922
0.439999937529,2.76822
0.442499937529,2.96922
0.444999937529,-0.246859
0.447499937529,-0.246859
0.449999937529,3.17023
0.452499937529,2.76822
0.454999937529,-0.447864
0.457499937529,2.96922
0.459999937529,-0.0458541
0.462499937529,-0.246859
0.464999937529,2.96922
0.467499937529,2.96922
0.469999937529,2.96922
0.472499937529,-0.0458541
0.474999937529,-0.246859
0.477499937529,3.17023
0.479999937529,3.17023
0.482499937529,3.17023
0.484999937529,-0.447864
0.487499937529,-0.447864
0.489999937529,3.17023
0.492499937529,3.17023
0.494999937529,2.96922
0.497499937529,2.76822
0.499999937529,2.96922
0.502499937529,2.96922
0.504999937529,2.96922
0.507499937529,2.96922
0.509999937529,3.17023
0.512499937529,-0.447864
0.514999937529,3.17023
0.517499937529,-0.447864
0.519999937529,3.17023
0.522499937529,-0.246859
0.524999937529,-0.246859
0.527499937529,-0.447864
0.529999937529,-0.246859
0.532499937529,-0.447864
0.534999937529,-0.64887
0.537499937529,-0.246859
0.539999937529,2.96922
0.542499937529,3.17023
0.544999937529,2.76822
0.547499937529,2.96922
0.549999937529,-0.447864
0.552499937529,3.17023
0.554999937529,2.96922
0.557499937529,2.96922
0.559999937529,-0.447864
0.562499937529,2.96922
0.564999937529,-0.246859
0.567499937529,2.96922
0.569999937529,2.76822
0.572499937529,-0.447864
0.574999937529,3.17023
0.577499937529,2.96922
0.579999937529,-0.246859
0.582499937529,-0.246859
0.584999937529,-0.447864
0.587499937529,-0.447864
0.589999937529,2.96922
0.592499937529,-0.64887
0.594999937529,-0.246859
0.597499937529,3.17023
0.599999937529,3.17023
0.602499937529,-0.447864
0.604999937529,-0.447864
0.607499937529,-0.246859
0.609999937529,2.96922
0.612499937529,3.17023
0.614999937529,3.17023
0.617499937529,-0.64887
0.619999937529,-0.246859
0.622499937529,3.17023
0.624999937529,3.17023
0.627499937529,3.17023
0.629999937529,3.17023
0.632499937529,2.96922
0.634999937529,-0.246859
0.637499937529,2.56721
0.639999937529,2.96922
0.642499937529,2.96922
0.644999937529,2.76822
0.647499937529,2.76822
0.649999937529,2.76822
0.652499937529,-0.246859
0.654999937529,2.96922
0.657499937529,3.17023
0.659999937529,2.76822
0.662499937529,2.76822
0.664999937529,-0.447864
0.667499937529,-0.447864
0.669999937529,3.17023
0.672499937529,-0.246859
0.674999937529,2.96922
0.677499937529,2.96922
0.679999937529,3.17023
0.682499937529,2.96922
0.684999937529,-0.447864
0.687499937529,-0.447864
0.689999937529,2.96922
0.692499937529,3.17023
0.694999937529,2.96922
0.697499937529,3.17023
0.699999937529,-0.0458541
0.702499937529,3.17023
0.704999937529,2.96922
0.707499937529,3.17023
0.709999937529,-0.246859
0.712499937529,3.17023
0.714999937529,3.17023
0.717499937529,2.96922
0.719999937529,-0.246859
0.722499937529,-0.447864
0.724999937529,-0.0458541
0.727499937529,2.76822
0.729999937529,-0.0458541
0.732499937529,-0.246859
0.734999937529,-0.447864
0.737499937529,-0.246859
0.739999937529,3.17023
0.742499937529,-0.0458541
0.744999937529,3.17023
0.747499937529,3.17023
0.749999937529,2.96922
0.752499937529,-0.246859
0.754999937529,2.96922
0.757499937529,2.96922
0.759999937529,2.96922
0.762499937529,2.76822
0.764999937529,3.37123
0.767499937529,-0.0458541
0.769999937529,-0.246859
0.772499937529,3.17023
0.774999937529,-0.246859
0.777499937529,-0.447864
0.779999937529,-0.246859
0.782499937529,3.17023
0.784999937529,-0.447864
0.787499937529,-0.447864
0.789999937529,-0.0458541
0.792499937529,2.96922
0.794999937529,-0.246859
0.797499937529,-0.246859
0.799999937529,-0.246859
0.802499937529,-0.246859
0.804999937529,-0.447864
0.807499937529,2.76822
0.809999937529,-0.246859
0.812499937529,2.96922
0.814999937529,-0.0458541
0.817499937529,2.96922
0.819999937529,-0.246859
0.822499937529,-0.246859
0.824999937529,-0.246859
0.827499937529,-0.447864
0.829999937529,-0.246859
0.832499937529,-0.64887
0.834999937529,-0.246859
0.837499937529,-0.447864
0.839999937529,2.96922
0.842499937529,2.96922
0.844999937529,-0.246859
0.847499937529,-0.246859
0.849999937529,-0.447864
0.852499937529,-0.447864
0.854999937529,2.76822
0.857499937529,2.96922
0.859999937529,0.155151
0.862499937529,3.17023
0.864999937529,3.17023
0.867499937529,-0.0458541
0.869999937529,-0.447864
0.872499937529,-0.246859
0.874999937529,-0.0458541
0.877499937529,-0.246859
0.879999937529,-0.447864
0.882499937529,-0.246859
0.884999937529,2.96922
0.887499937529,3.17023
0.889999937529,2.96922
0.892499937529,-0.246859
0.894999937529,-0.447864
0.897499937529,-0.246859
0.899999937529,2.96922
0.902499937529,-0.447864
0.904999937529,-0.0458541
0.907499937529,-0.246859
0.909999937529,2.96922
0.912499937529,-0.447864
0.914999937529,3.17023
0.917499937529,3.37123
0.919999937529,3.17023
0.922499937529,-0.246859
0.924999937529,-0.447864
0.927499937529,3.37123
0.929999937529,3.17023
0.932499937529,-0.246859
0.934999937529,-0.246859
0.937499937529,-0.246859
0.939999937529,2.96922
0.942499937529,-0.246859
0.944999937529,2.96922
0.947499937529,-0.246859
0.949999937529,3.37123
0.952499937529,-0.447864
0.954999937529,-0.447864
0.957499937529,2.96922
0.959999937529,3.17023
0.962499937529,-0.246859
0.964999937529,3.17023
0.967499937529,-0.0458541
0.969999937529,-0.0458541
0.972499937529,2.96922
0.974999937529,-0.0458541
0.977499937529,-0.447864
0.979999937529,2.96922
0.982499937529,-0.246859
0.984999937529,3.17023
0.987499937529,2.96922
0.989999937529,3.17023
0.992499937529,2.96922
0.994999937529,-0.246859
0.997499937529,3.17023
0.999999937529,2.96922
1.00249993753,-0.64887
1.00499993753,-0.246859
1.00749993753,-0.447864
1.00999993753,2.96922
1.01249993753,-0.246859
1.01499993753,-0.64887
1.01749993753,-0.447864
1.01999993753,2.96922
1.02249993753,-0.447864
1.02499993753,-0.64887
1.02749993753,2.96922
1.02999993753,2.96922
1.03249993753,-0.246859
1.03499993753,3.17023
1.03749993753,-0.0458541
1.03999993753,-0.447864
1.04249993753,3.17023
1.04499993753,-0.447864
1.04749993753,-0.246859
1.04999993753,-0.0458541
1.05249993753,2.96922
1.05499993753,-0.246859
1.05749993753,-0.0458541
1.05999993753,2.96922
1.06249993753,2.96922
1.06499993753,3.37123
1.06749993753,2.76822
1.06999993753,2.96922
1.07249993753,-0.447864
1.07499993753,-0.64887
1.07749993753,3.17023
1.07999993753,-0.246859
1.08249993753,2.96922
1.08499993753,3.17023
1.08749993753,-0.246859
1.08999993753,-0.447864
1.09249993753,2.96922
1.09499993753,-0.246859
1.09749993753,2.96922
1.09999993753,2.96922
1.10249993753,2.76822
1.10499993753,-0.447864
1.10749993753,-0.0458541
1.10999993753,3.37123
1.11249993753,-0.246859
1.11499993753,-0.0458541
1.11749993753,2.76822
1.11999993753,-0.246859
1.12249993753,2.96922
1.12499993753,-0.0458541
1.12749993753,3.17023
1.12999993753,2.96922
1.13249993753,-0.246859
1.13499993753,3.17023
1.13749993753,-0.447864
1.13999993753,3.17023
1.14249993753,2.96922
1.14499993753,-0.246859
1.14749993753,-0.447864
1.14999993753,3.17023
1.15249993753,2.76822
1.15499993753,2.96922
1.15749993753,3.17023
1.15999993753,-0.447864
1.16249993753,3.17023
1.16499993753,3.37123
1.16749993753,-0.0458541
1.16999993753,-0.447864
1.17249993753,3.17023
1.17499993753,3.17023
1.17749993753,2.96922
1.17999993753,3.17023
1.18249993753,-0.246859
1.18499993753,2.96922
1.18749993753,2.76822
1.18999993753,-0.246859
1.19249993753,2.96922
1.19499993753,2.76822
1.19749993753,-0.447864
1.19999993753,-0.0458541
1.20249993753,-0.246859
1.20499993753,-0.0458541
1.20749993753,3.17023
1.20999993753,-0.246859
1.21249993753,3.17023
1.21499993753,2.96922
1.21749993753,-0.246859
1.21999993753,2.96922
1.22249993753,-0.246859
1.22499993753,3.17023
1.22749993753,2.96922
1.22999993753,-0.447864
1.23249993753,-0.447864
1.23499993753,2.76822
1.23749993753,-0.0458541
1.23999993753,-0.447864
1.24249993753,-0.0458541
1.24499993753,-0.246859
1.24749993753,-0.447864
1.24999993753,-0.246859
1.25249993753,2.96922
1.25499993753,-0.246859
1.25749993753,2.96922
1.25999993753,-0.246859
1.26249993753,3.17023
1.26499993753,3.17023
1.26749993753,2.76822
1.26999993753,-0.0458541
1.27249993753,-0.246859
1.27499993753,2.76822
1.27749993753,-0.246859
1.27999993753,-0.447864
1.28249993753,2.96922
1.28499993753,-0.246859
1.28749993753,-0.246859
1.28999993753,-0.0458541
1.29249993753,-0.447864
1.29499993753,2.96922
1.29749993753,2.96922
1.29999993753,-0.447864
1.30249993753,3.17023
1.30499993753,2.96922
1.30749993753,-0.447864
1.30999993753,-0.0458541
1.31249993753,-0.246859
1.31499993753,3.17023
1.31749993753,-0.447864
1.31999993753,-0.246859
1.32249993753,-0.246859
1.32499993753,3.17023
1.32749993753,-0.246859
1.32999993753,-0.246859
1.33249993753,3.17023
1.33499993753,-0.447864
1.33749993753,3.17023
1.33999993753,3.37123
1.34249993753,-0.0458541
1.34499993753,-0.447864
1.34749993753,2.96922
1.34999993753,-0.0458541
1.35249993753,-0.246859
1.35499993753,-0.246859
1.35749993753,-0.246859
1.35999993753,-0.447864
1.36249993753,-0.447864
1.36499993753,-0.447864
1.36749993753,-0.246859
1.36999993753,-0.246859
1.37249993753,-0.447864
1.37499993753,3.17023
1.37749993753,-0.246859
1.37999993753,3.17023
1.38249993753,2.96922
1.38499993753,-0.246859
1.38749993753,-0.246859
1.38999993753,3.37123
1.39249993753,2.96922
1.39499993753,-0.246859
1.39749993753,2.76822
1.39999993753,-0.246859
1.40249993753,3.17023
1.40499993753,3.17023
1.40749993753,2.96922
1.40999993753,-0.0458541
1.41249993753,-0.246859
1.41499993753,-0.246859
1.41749993753,-0.447864
1.41999993753,2.96922
1.42249993753,2.96922
1.42499993753,2.76822
1.42749993753,2.96922
1.42999993753,2.96922
1.43249993753,-0.447864
1.43499993753,-0.447864
1.43749993753,-0.0458541
1.43999993753,3.17023
1.44249993753,3.17023
1.44499993753,2.96922
1.44749993753,3.17023
1.44999993753,2.96922
1.45249993753,2.96922
1.45499993753,2.76822
1.45749993753,2.96922
1.45999993753,2.76822
1.46249993753,2.96922
1.46499993753,2.76822
1.46749993753,-0.246859
1.46999993753,3.17023
1.47249993753,2.96922
1.47499993753,2.96922
1.47749993753,2.96922
1.47999993753,3.17023
1.48249993753,-0.64887
1.48499993753,3.37123
1.48749993753,-0.447864
1.48999993753,2.96922
1.49249993753,3.17023
1.49499993753,3.17023
1.49749993753,-0.246859
1.49999993753,-0.246859
1.50249993753,-0.246859
1.50499993753,-0.0458541
1.50749993753,2.96922
1.50999993753,3.17023
1.51249993753,3.17023
1.51499993753,2.96922
1.51749993753,-0.246859
1.51999993753,3.17023
1.52249993753,3.17023
1.52499993753,-0.246859
1.52749993753,2.96922
1.52999993753,-0.246859
1.53249993753,-0.246859
1.53499993753,2.76822
1.53749993753,3.17023
1.53999993753,-0.447864
1.54249993753,-0.246859
1.54499993753,3.17023
1.54749993753,3.17023
1.54999993753,2.76822
1.55249993753,3.17023
1.55499993753,3.17023
1.55749993753,2.96922
1.55999993753,-0.246859
1.56249993753,-0.447864
1.56499993753,-0.64887
1.56749993753,-0.246859
1.56999993753,-0.246859
1.57249993753,-0.447864
1.57499993753,2.96922
1.57749993753,2.96922
1.57999993753,2.96922
1.58249993753,-0.246859
1.58499993753,3.37123
1.58749993753,-0.246859
1.58999993753,-0.0458541
1.59249993753,3.17023
1.59499993753,2.96922
1.59749993753,3.37123
1.59999993753,-0.246859
1.60249993753,2.96922
1.60499993753,2.96922
1.60749993753,2.96922
1.60999993753,2.96922
1.61249993753,-0.246859
1.61499993753,3.17023
1.61749993753,-0.246859
1.61999993753,-0.447864
1.62249993753,2.76822
1.62499993753,-0.0458541
1.62749993753,2.96922
1.62999993753,2.76822
1.63249993753,-0.246859
1.63499993753,-0.0458541
1.63749993753,-0.0458541
1.63999993753,2.96922
1.64249993753,-0.0458541
1.64499993753,-0.246859
1.64749993753,-0.246859
1.64999993753,2.96922
1.65249993753,3.17023
1.65499993753,-0.246859
1.65749993753,-0.0458541
1.65999993753,-0.246859
1.66249993753,2.96922
1.66499993753,-0.64887
1.66749993753,3.17023
1.66999993753,-0.246859
1.67249993753,-0.0458541
1.67499993753,-0.246859
1.67749993753,-0.246859
1.67999993753,2.96922
1.68249993753,-0.246859
1.68499993753,-0.447864
1.68749993753,3.17023
1.68999993753,3.17023
1.69249993753,2.96922
1.69499993753,-0.246859
1.69749993753,-0.447864
1.69999993753,-0.0458541
1.70249993753,2.96922
1.70499993753,-0.64887
1.70749993753,3.17023
1.70999993753,2.76822
1.71249993753,-0.246859
1.71499993753,3.37123
1.71749993753,2.76822
1.71999993753,-0.246859
1.72249993753,-0.0458541
1.72499993753,-0.0458541
1.72749993753,3.37123
1.72999993753,-0.0458541
1.73249993753,2.76822
1.73499993753,2.96922
1.73749993753,3.17023
1.73999993753,-0.447864
1.74249993753,-0.246859
1.74499993753,2.96922
1.74749993753,-0.447864
1.74999993753,-0.447864
1.75249993753,2.96922
1.75499993753,-0.0458541
1.75749993753,-0.246859
1.75999993753,3.17023
1.76249993753,-0.447864
1.76499993753,2.96922
1.76749993753,2.76822
1.76999993753,2.96922
1.77249993753,2.96922
1.77499993753,-0.0458541
1.77749993753,2.96922
1.77999993753,-0.0458541
1.78249993753,-0.447864
1.78499993753,-0.447864
1.78749993753,-0.246859
1.78999993753,-0.447864
1.79249993753,2.96922
1.79499993753,-0.447864
1.79749993753,2.96922
1.79999993753,3.17023
1.80249993753,-0.246859
1.80499993753,2.96922
1.80749993753,-0.0458541
1.80999993753,-0.246859
1.81249993753,2.96922
1.81499993753,2.96922
1.81749993753,-0.447864
1.81999993753,2.96922
1.82249993753,2.96922
1.82499993753,-0.447864
1.82749993753,2.96922
1.82999993753,-0.0458541
1.83249993753,2.96922
1.83499993753,-0.246859
1.83749993753,2.96922
1.83999993753,3.17023
1.84249993753,3.17023
1.84499993753,-0.447864
1.84749993753,-0.246859
1.84999993753,2.96922
1.85249993753,-0.246859
1.85499993753,0.155151
1.85749993753,-0.246859
1.85999993753,-0.447864
1.86249993753,-0.246859
1.86499993753,-0.447864
1.86749993753,3.17023
1.86999993753,-0.246859
1.87249993753,-0.246859
1.87499993753,3.17023
1.87749993753,-0.447864
1.87999993753,2.96922
1.88249993753,3.17023
1.88499993753,2.96922
1.88749993753,-0.246859
1.88999993753,-0.0458541
1.89249993753,2.96922
1.89499993753,2.96922
1.89749993753,-0.246859
1.89999993753,-0.246859
1.90249993753,-0.447864
1.90499993753,3.17023
1.90749993753,-0.246859
1.90999993753,-0.447864
1.91249993753,-0.246859
1.91499993753,-0.246859
1.91749993753,-0.246859
1.91999993753,3.17023
1.92249993753,-0.447864
1.92499993753,-0.447864
1.92749993753,3.17023
1.92999993753,2.96922
1.93249993753,2.96922
1.93499993753,-0.0458541
1.93749993753,-0.64887
1.93999993753,-0.447864
1.94249993753,3.17023
1.94499993753,-0.246859
1.94749993753,3.17023
1.94999993753,2.96922
1.95249993753,2.96922
1.95499993753,3.17023
1.95749993753,-0.0458541
1.95999993753,-0.246859
1.96249993753,0.155151
1.96499993753,2.96922
1.96749993753,3.17023
1.96999993753,3.17023
1.97249993753,2.76822
1.97499993753,2.76822
1.97749993753,3.17023
1.97999993753,2.76822
1.98249993753,-0.246859
1.98499993753,2.96922
1.98749993753,-0.246859
1.98999993753,-0.447864
1.99249993753,2.96922
1.99499993753,3.17023
1.99749993753,2.96922
1.99999993753,-0.447864
2.00249993753,-0.246859
2.00499993753,-0.0458541
2.00749993753,-0.246859
2.00999993753,-0.246859
2.01249993753,-0.447864
2.01499993753,-0.246859
2.01749993753,-0.0458541
2.01999993753,3.17023
2.02249993753,-0.246859
2.02499993753,3.17023
2.02749993753,3.17023
2.02999993753,-0.447864
2.03249993753,-0.246859
2.03499993753,2.76822
2.03749993753,-0.246859
2.03999993753,-0.447864
2.04249993753,2.96922
2.04499993753,-0.447864
2.04749993753,-0.246859
2.04999993753,-0.246859
2.05249993753,-0.0458541
2.05499993753,3.17023
2.05749993753,-0.0458541
2.05999993753,2.96922
2.06249993753,-0.0458541
2.06499993753,-0.246859
2.06749993753,2.96922
2.06999993753,3.17023
2.07249993753,-0.246859
2.07499993753,3.17023
2.07749993753,-0.246859
2.07999993753,-0.447864
2.08249993753,2.96922
2.08499993753,2.96922
2.08749993753,3.17023
2.08999993753,2.96922
2.09249993753,2.96922
2.09499993753,-0.447864
2.09749993753,2.96922
2.09999993753,-0.246859
2.10249993753,-0.447864
2.10499993753,-0.246859
2.10749993753,2.96922
2.10999993753,2.96922
2.11249993753,-0.447864
2.11499993753,-0.246859
2.11749993753,3.17023
2.11999993753,-0.246859
2.12249993753,3.17023
2.12499993753,3.17023
2.12749993753,-0.246859
2.12999993753,2.76822
2.13249993753,-0.0458541
2.13499993753,-0.246859
2.13749993753,2.96922
2.13999993753,3.17023
2.14249993753,3.17023
2.14499993753,3.17023
2.14749993753,3.17023
2.14999993753,2.96922
2.15249993753,3.17023
2.15499993753,3.17023
2.15749993753,-0.246859
2.15999993753,3.17023
2.16249993753,-0.246859
2.16499993753,2.96922
2.16749993753,-0.447864
2.16999993753,-0.246859
2.17249993753,3.17023
2.17499993753,2.96922
2.17749993753,3.17023
2.17999993753,3.37123
2.18249993753,3.17023
2.18499993753,2.96922
2.18749993753,-0.246859
2.18999993753,-0.246859
2.19249993753,-0.246859
2.19499993753,3.17023
2.19749993753,-0.447864
2.19999993753,-0.246859
2.20249993753,2.76822
2.20499993753,2.96922
2.20749993753,3.37123
2.20999993753,2.96922
2.21249993753,2.96922
2.21499993753,2.96922
2.21749993753,-0.0458541
2.21999993753,-0.246859
2.22249993753,-0.0458541
2.22499993753,2.76822
2.22749993753,-0.246859
2.22999993753,3.17023
2.23249993753,2.96922
2.23499993753,-0.0458541
2.23749993753,-0.246859
2.23999993753,2.96922
2.24249993753,-0.447864
2.24499993753,3.17023
2.24749993753,-0.246859
2.24999993753,2.96922
2.25249993753,-0.246859
2.25499993753,2.96922
2.25749993753,-0.246859
2.25999993753,2.96922
2.26249993753,-0.447864
2.26499993753,3.17023
2.26749993753,3.17023
2.26999993753,2.76822
2.27249993753,3.17023
2.27499993753,-0.246859
2.27749993753,3.17023
2.27999993753,2.96922
2.28249993753,2.96922
2.28499993753,-0.0458541
2.28749993753,-0.246859
2.28999993753,3.17023
2.29249993753,2.76822
2.29499993753,-0.447864
2.29749993753,2.76822
2.29999993753,3.17023
2.30249993753,2.96922
2.30499993753,2.76822
2.30749993753,2.76822
2.30999993753,-0.246859
2.31249993753,-0.246859
2.31499993753,-0.246859
2.31749993753,-0.447864
2.31999993753,-0.0458541
2.32249993753,2.96922
2.32499993753,2.96922
2.32749993753,2.76822
2.32999993753,-0.447864
2.33249993753,2.96922
2.33499993753,2.96922
2.33749993753,3.17023
2.33999993753,-0.246859
2.34249993753,-0.447864
2.34499993753,3.17023
2.34749993753,-0.447864
2.34999993753,2.96922
2.35249993753,-0.64887
2.35499993753,2.76822
2.35749993753,2.96922
2.35999993753,2.96922
2.36249993753,-0.0458541
2.36499993753,-0.246859
2.36749993753,2.96922
2.36999993753,3.37123
2.37249993753,-0.246859
2.37499993753,3.17023
2.37749993753,-0.246859
2.37999993753,2.96922
2.38249993753,2.96922
2.38499993753,-0.447864
2.38749993753,-0.0458541
2.38999993753,2.76822
2.39249993753,-0.246859
2.39499993753,-0.0458541
2.39749993753,-0.0458541
2.39999993753,-0.447864
2.40249993753,3.17023
2.40499993753,-0.246859
2.40749993753,3.17023
2.40999993753,-0.246859
2.41249993753,-0.447864
2.41499993753,3.17023
2.41749993753,-0.0458541
2.41999993753,3.17023
2.42249993753,-0.447864
2.42499993753,2.96922
2.42749993753,-0.246859
2.42999993753,2.76822
2.43249993753,3.17023
2.43499993753,2.96922
2.43749993753,3.17023
2.43999993753,2.96922
2.44249993753,-0.246859
2.44499993753,-0.246859
2.44749993753,2.96922
2.44999993753,-0.246859
2.45249993753,2.96922
2.45499993753,2.96922
2.45749993753,2.96922
2.45999993753,2.96922
2.46249993753,-0.0458541
2.46499993753,2.96922
2.46749993753,2.96922
2.46999993753,3.37123
2.47249993753,3.17023
2.47499993753,3.17023
2.47749993753,3.17023
2.47999993753,2.76822
2.48249993753,2.96922
2.48499993753,2.96922
2.48749993753,2.96922
2.48999993753,3.17023
2.49249993753,3.17023
2.49499993753,2.96922
2.49749993753,2.76822
2.49999993753,2.96922
2.50249993753,2.96922
2.50499993753,-0.246859
2.50749993753,2.96922
2.50999993753,3.17023
2.51249993753,-0.246859
2.51499993753,3.17023
2.51749993753,-0.246859
2.51999993753,0.155151
2.52249993753,-0.246859
2.52499993753,2.96922
2.52749993753,3.37123
2.52999993753,3.17023
2.53249993753,2.76822
2.53499993753,2.96922
2.53749993753,-0.64887
2.53999993753,-0.447864
2.54249993753,-0.447864
2.54499993753,-0.246859
2.54749993753,-0.246859
2.54999993753,2.96922
2.55249993753,-0.246859
2.55499993753,-0.0458541
2.55749993753,-0.246859
2.55999993753,-0.246859
2.56249993753,2.96922
2.56499993753,2.96922
2.56749993753,-0.246859
2.56999993753,-0.246859
2.57249993753,-0.246859
2.57499993753,3.17023
2.57749993753,3.17023
2.57999993753,-0.246859
2.58249993753,3.17023
2.58499993753,-0.246859
2.58749993753,-0.447864
2.58999993753,2.96922
2.59249993753,-0.447864
2.59499993753,-0.447864
2.59749993753,2.96922
2.59999993753,2.96922
2.60249993753,-0.0458541
2.60499993753,-0.246859
2.60749993753,-0.0458541
2.60999993753,-0.0458541
2.61249993753,2.96922
2.61499993753,2.96922
2.61749993753,-0.246859
2.61999993753,-0.246859
2.62249993753,-0.447864
2.62499993753,3.37123
2.62749993753,3.17023
2.62999993753,2.96922
2.63249993753,-0.447864
2.63499993753,-0.246859
2.63749993753,-0.447864
2.63999993753,-0.246859
2.64249993753,-0.0458541
2.64499993753,3.17023
2.64749993753,-0.246859
2.64999993753,3.37123
2.65249993753,-0.246859
2.65499993753,-0.447864
2.65749993753,3.17023
2.65999993753,3.17023
2.66249993753,-0.246859
2.66499993753,-0.246859
2.66749993753,-0.246859
2.66999993753,-0.447864
2.67249993753,-0.246859
2.67499993753,2.96922
2.67749993753,2.96922
2.67999993753,-0.447864
2.68249993753,3.17023
2.68499993753,-0.246859
2.68749993753,2.96922
2.68999993753,-0.246859
2.69249993753,3.17023
2.69499993753,3.17023
2.69749993753,-0.246859
2.69999993753,-0.246859
2.70249993753,-0.447864
2.70499993753,-0.447864
2.70749993753,3.17023
2.70999993753,3.17023
2.71249993753,-0.246859
2.71499993753,2.96922
2.71749993753,3.17023
2.71999993753,3.17023
2.72249993753,-0.246859
2.72499993753,-0.246859
2.72749993753,-0.246859
2.72999993753,-0.0458541
2.73249993753,-0.447864
2.73499993753,2.96922
2.73749993753,2.76822
2.73999993753,-0.246859
2.74249993753,3.17023
2.74499993753,-0.246859
2.74749993753,-0.246859
2.74999993753,2.96922
2.75249993753,-0.246859
2.75499993753,3.17023
2.75749993753,3.17023
2.75999993753,-0.246859
2.76249993753,3.17023
2.76499993753,-0.0458541
2.76749993753,2.96922
2.76999993753,3.37123
2.77249993753,-0.246859
2.77499993753,-0.246859
2.77749993753,3.17023
2.77999993753,3.17023
2.78249993753,2.96922
2.78499993753,-0.246859
2.78749993753,-0.246859
2.78999993753,-0.0458541
2.79249993753,2.76822
2.79499993753,-0.447864
2.79749993753,-0.246859
2.79999993753,-0.246859
2.80249993753,-0.447864
2.80499993753,-0.246859
2.80749993753,2.76822
2.80999993753,3.17023
2.81249993753,3.17023
2.81499993753,-0.64887
2.81749993753,2.76822
2.81999993753,-0.447864
2.82249993753,3.17023
2.82499993753,-0.246859
2.82749993753,-0.246859
2.82999993753,-0.246859
2.83249993753,-0.0458541
2.83499993753,-0.246859
2.83749993753,-0.246859
2.83999993753,2.96922
2.84249993753,-0.246859
2.84499993753,2.96922
2.84749993753,2.96922
2.84999993753,3.17023
2.85249993753,-0.447864
2.85499993753,-0.246859
2.85749993753,-0.246859
2.85999993753,-0.447864
2.86249993753,-0.447864
2.86499993753,-0.246859
2.86749993753,-0.0458541
2.86999993753,-0.246859
2.87249993753,3.17023